source,destination,permanent
/ca/categoria-producte/punt-de-venda,/categorias/expositores,true
/ca/estrenem-una-taula-de-tall-digital-amb-infinites-possibilitats,/productos/flyers-con-forma-personalizados,true
/ca/manual-para-hacer-un-buen-flyer,/como-preparar-archivos,true
/ca/producte/acreditacions,/productos/acreditaciones-personalizadas,true
/ca/producte/cataleg-i-revistes-amb-grapa,/categorias/libros-revistas-catalogos,true
/ca/producte/doming-gota-de-resina,/productos/etiquetas-doming,true
/ca/producte/estovalles-individuals,/productos/manteles-individuales-personalizados,true
/ca/producte/laminat-velleda,/productos/vinilo-suelo-personalizado,true
/ca/producte/penjador-dampolles,/productos/colgador-de-botellas-personalizado,true
/ca/producte/plans-arquitecte,/categorias/libros-revistas-catalogos,true
/ca/producte/roll-up,/productos/roll-up-personalizado,true
/ca/producte/samarretes,/categorias/eventos,true
/categoria-producto/punto-de-venta,/categorias/expositores,true
/category,/productos,true
/category/calendario-de-mesa,/productos/calendarios-personalizados,true
/category/calendario-de-mesa/2,/productos/calendarios-personalizados,true
/category/folletos,/productos/folletos-plegados-personalizados,true
/category/imprimir-etiquetas-adhesivas-personalizadas,/categorias/adhesivos-personalizados,true
/category/imprimir-folletos,/productos/folletos-plegados-personalizados,true
/category/papeleria-para-oficina,/categorias/publicidad-oficina/material-oficina,true
/estrenamos-una-mesa-de-corte-digital-esko,/productos/flyers-con-forma-personalizados,true
/expositores-publicitarios,/categorias/expositores,true
/impresion-digital-gran-formato,/categorias/gran-formato/material-rigido,true
/page/calendarios-2026-mesa-espiral,/productos/calendarios-personalizados,true
/page/calendarios-2026-ms,/productos/calendarios-personalizados,true
/page/sant-jordi-2025,/productos/fundas-sant-jordi,true
/product/acreditaciones-presupuesto/printestimate,/productos/acreditaciones-personalizadas,true
/product/agendas-personalizadas-presupuesto/printestimate,/productos/agendas-personalizadas,true
/product/aluminio-dibond-presupuesto/printestimate,/productos/panel-dibond-personalizado,true
/product/bloc-notas-presupuesto/printestimate,/productos/blocs-notas,true
/product/bobina-de-etiquetas-adhesivas-presupuesto/printestimate,/productos/etiquetas-adhesivas-en-bobina,true
/product/calendario-de-mesa,/productos/calendarios-personalizados,true
/product/calendario-de-mesa-7-21x10/printestimate,/productos/calendarios-personalizados,true
/product/calendario-iman-presupuesto/printestimate,/productos/imanes-publicitarios,true
/product/calendario-mesa-eco,/productos/calendarios-personalizados,true
/product/calendario-pared,/productos/calendarios-personalizados,true
/product/calendario-pared-espiral/printestimate,/productos/calendarios-personalizados,true
/product/calendario-pared-presupuesto/printestimate,/productos/calendarios-personalizados,true
/product/calendario-pared-wire-o,/productos/calendarios-personalizados,true
/product/calendario-pared-wire-o-presupuesto/printestimate,/productos/calendarios-personalizados,true
/product/calendario-poster-presupuesto/printestimate,/productos/calendarios-personalizados,true
/product/calendario-revista-pared-eco/printestimate,/productos/calendarios-personalizados,true
/product/calendario-sobremesa-presupuesto/printestimate,/productos/calendarios-personalizados,true
/product/calendarios-sobremesa-wire-o,/productos/calendarios-personalizados,true
/product/carpeta-de-anillas-presupuestos,/productos/archivadores-personalizados,true
/product/cartas-restaurante-presonalizadas-presupuesto/printestimate,/productos/cartas-restaurante-personalizadas,true
/product/cartel-a3-presupuesto/printestimate,/productos/posters-personalizados,true
/product/cartel-backlight-presupuesto/printestimate,/productos/cajas-de-luz-personalizadas,true
/product/catalogo-encolado-tapa-dura-presupuesto,/productos/encuadernacion-cosida-tapa-dura,true
/product/colgador-botellas-presupuesto/printestimate,/productos/colgador-de-botellas-personalizado,true
/product/cuadriptico-presupuesto/printestimate,/pedir-presupuesto,true
/product/diplomas-para-imprimir-presupuesto/printestimate,/productos/diplomas-personalizados,true
/product/diptico,/productos/folletos-plegados-personalizados,true
/product/diptico-presupuesto/printestimate,/productos/folletos-plegados-personalizados,true
/product/dipticos-llave-habitacion-presupuesto/printestimate,/productos/tarjeta-habitacion-hotel,true
/product/doming-gota-resina-presupuesto/printestimate,/productos/etiquetas-doming,true
/product/etiquetas-adhesivas-presupuesto/printestimate,/categorias/adhesivos-personalizados,true
/product/etiquetas-en-vinilo-adhesivo-presupuesto/printestimate,/categorias/adhesivos-personalizados,true
/product/expositor-de-mesa-peana-presupuesto/printestimate,/categorias/expositores,true
/product/expositor-de-suelo-con-peana-presupuesto/printestimate,/categorias/expositores,true
/product/expositores-de-mostrador-presupuesto/printestimate,/categorias/expositores,true
/product/flyers,/productos/flyers-personalizados,true
/product/folletos-troquelados-presupuesto/printestimate,/productos/flyers-con-forma-personalizados,true
/product/identificador-maleta-presupuesto/printestimate,/productos/identificador-maleta,true
/product/impresion-carton-pluma-presupuesto,/productos/panel-foam-personalizado,true
/product/impresion-en-lona-presupuesto/printestimate,/productos/lona-publicitaria,true
/product/impresion-en-metacrilato-presupuesto/printestimate,/productos/metacrilato-personalizado,true
/product/impresion-en-pvc-presupuesto/printestimate,/productos/tarjetas-pvc-personalizadas,true
/product/imprimir-fotos-en-lienzos-presupuesto/printestimate,/productos/enmarcados-personalizados,true
/product/imprimir-photocall-presupuesto/printestimate,/productos/photocall-personalizado,true
/product/imprimir-tarjeta-de-citas,/productos/tarjetas-de-visita-personalizadas,true
/product/imprimir-tarjeta-de-citas/printestimate,/categorias/publicidad-oficina/material-oficina,true
/product/imprimir-vinilo-adhesivo-presupuesto/printestimate,/categorias/adhesivos-personalizados,true
/product/lanyards-personalizados-presupuesto/printestimate,/productos/lanyards-eventos-barcelona,true
/product/libretas-personalizadas-presupuesto/printestimate,/productos/libretas-personalizadas,true
/product/libro-tapa-dura-presupuesto/printestimate,/productos/encuadernacion-cosida-tapa-dura,true
/product/libro-tesis-presupuesto/printestimate,/categorias/libros-revistas-catalogos,true
/product/mantel-hule-presupuesto/printestimate,/productos/hule-personalizado,true
/product/manteles-individuales-presupuesto/printestimate,/productos/manteles-individuales-personalizados,true
/product/minutas-impresas-presupuesto/printestimate,/categorias/publicidad-oficina/material-oficina,true
/product/nombres-sobremesa-presupuesto,/productos/nombres-sobremesa-personalizados,true
/product/papel-autocopiativo-presupuesto/printestimate,/productos/talonarios-autocopiativos-personalizados,true
/product/photocall-magnetico-presupuesto/printestimate,/productos/photocall-personalizado,true
/product/photocall-tela-presupuesto/printestimate,/productos/photocall-personalizado,true
/product/pizara-velleda-presupuesto/printestimate,/productos/vinilo-suelo-personalizado,true
/product/planos-de-arquitectura-presupuesto/printestimate,/categorias/libros-revistas-catalogos,true
/product/plantilla-tarjeta-2,/productos/tarjetas-de-visita-personalizadas,true
/product/poming-colgador-puerta-presupuesto/printestimate,/productos/colgador-puerta-personalizado,true
/product/posavasos-personalizados-presupuesto/printestimate,/productos/posavasos,true
/product/poster-personalizado-presupuesto/printestimate,/productos/posters-personalizados,true
/product/punto-de-libro-presupuesto/printestimate,/productos/puntos-de-libro-personalizados,true
/product/roll-up-presupuesto/printestimate,/productos/roll-up-personalizado,true
/product/sobrespara-cartas-presupuesto/printestimate,/productos/sobres-personalizados,true
/product/stoppers,/productos/stoppers-lineal-personalizados,true
/product/stoppers-presupuesto/printestimate,/productos/stoppers-lineal-personalizados,true
/product/stoppers/printestimate,/productos/stoppers-lineal-personalizados,true
/product/table-tent-presupuesto/printestimate,/productos/tabletens-personalizados,true
/product/tarjeta-con-esquinas-redondas,/productos/tarjetas-de-visita-personalizadas,true
/product/tarjeta-con-esquinas-redondas-presupuesto/printestimate,/productos/tarjetas-de-visita-personalizadas,true
/product/tarjeta-de-citas,/categorias/publicidad-oficina/material-oficina,true
/product/tarjeta-de-citas-presupuesto/printestimate,/categorias/publicidad-oficina/material-oficina,true
/product/tarjeta-de-citas/printestimate,/categorias/publicidad-oficina/material-oficina,true
/product/tarjeta-de-visita-elegantes-presupuesto/printestimate,/productos/tarjetas-de-visita-personalizadas,true
/product/tarjeta-material-reciclado,/productos/tarjetas-de-visita-personalizadas,true
/product/tarjeta-postal-correos,/productos/tarjetas-postales-personalizadas,true
/product/tarjeta-visita-barniz-selectivo-presupuesto,/productos/tarjetas-de-visita-personalizadas,true
/product/tarjeta-visita-profesional,/productos/tarjetas-de-visita-personalizadas,true
/product/tarjeta-visita-profesional-presupuesto/printestimate,/productos/tarjetas-de-visita-personalizadas,true
/product/tarjetas-de-invitacion,/productos/invitaciones-y-tarjetones-personalizados,true
/product/tarjetas-de-invitacion-presupuesto/printestimate,/productos/invitaciones-y-tarjetones-personalizados,true
/product/tarjetas-de-invitacion/printestimate,/productos/invitaciones-y-tarjetones-personalizados,true
/product/tarjetas-pvc-personalizadas,/productos/tarjetas-pvc-personalizadas,true
/product/tarjetas-pvc-personalizadas-presupuesto/printestimate,/productos/tarjetas-pvc-personalizadas,true
/product/tarjetas-rasca-presupuesto/printestimate,/productos/tarjetas-rasca,true
/product/tarjetas-visita-barniz-selectivo-presupuesto/printestimate,/productos/tarjetas-de-visita-personalizadas,true
/product/tarjetas-visitas-papel-reciclado,/productos/tarjetas-de-visita-personalizadas,true
/product/tarjetas-visitas-papel-reciclado-presupuesto/printestimate,/productos/tarjetas-de-visita-personalizadas,true
/product/tiras-impulso-presupuesto/printestimate,/categorias/publicidad-oficina/material-oficina,true
/product/totem-publicitario-presupuesto/printestimate,/productos/totems-publicitarios-personalizados,true
/product/triptico,/productos/folletos-plegados-personalizados,true
/product/triptico-presupuesto/printestimate,/productos/folletos-plegados-personalizados,true
/product/vinilo-al-acido-presupuesto/printestimate,/productos/vinilo-para-cristal,true
/product/vinilo-alta-adherencia-presupuesto/printestimate,/productos/stoppers-lineal-personalizados,true
/product/vinilo-de-corte-presupuesto/printestimate,/productos/vinilo-de-corte,true
/product/vinilo-microperforado-presupuesto/printestimate,/productos/vinilo-para-cristal,true
/product/vinilo-para-coches-presupuesto/printestimate,/productos/vinilo-vehiculos-personalizado,true
/product/vinilo-para-cristales-presupuesto/printestimate,/productos/vinilo-para-cristal,true
/product/vinilo-removible-presupuesto/printestimate,/productos/vinilos-superficies-planas,true
/product/vinilo-suelo-presupuesto/printestimate,/productos/vinilo-suelo-personalizado,true
/product/vinilo-transparente-presupuesto/printestimate,/productos/vinilo-para-cristal,true
/producte/calendario-de-mesa-con-espiral,/productos/calendarios-personalizados,true
/producte/lienzos,/categorias/gran-formato/material-flexible,true
/producto/agenda,/productos/agendas-personalizadas,true
/producto/backlights,/productos/cajas-de-luz-personalizadas,true
/producto/banderas,/productos/banderolas-personalizadas,true
/producto/banners,/productos/xbanner-personalizado,true
/producto/bloc-autocopiativo,/productos/talonarios-autocopiativos-personalizados,true
/producto/bloc-de-notas,/productos/blocs-notas,true
/producto/calendario-de-mesa-con-espiral,/productos/calendarios-personalizados,true
/producto/calendario-de-pared-anual,/productos/calendarios-personalizados,true
/producto/calendario-sobremesa,/productos/calendarios-personalizados,true
/producto/calendarios,/productos/calendarios-personalizados,true
/producto/carpetas,/productos/carpetas-de-presentacion-personalizadas,true
/producto/carpetas-con-anillas,/productos/archivadores-personalizados,true
/producto/carta-de-restaurante,/productos/cartas-restaurante-personalizadas,true
/producto/catalogo-y-revistas-archivables,/categorias/libros-revistas-catalogos,true
/producto/catalogos-y-revistas-grapadas,/categorias/libros-revistas-catalogos,true
/producto/chanclas,/categorias/eventos,true
/producto/corporeos-y-3d,/productos/letras-corporeas-personalizadas,true
/producto/cupones,/productos/cupones-promocionales,true
/producto/delantal,/categorias/eventos,true
/producto/display-de-mesa-con-peana,/productos/displays-de-mesa-personalizados,true
/producto/doming-gota-de-resina,/productos/etiquetas-doming,true
/producto/dorsales-de-participacion,/productos/dorsales-carrera,true
/producto/estores,/categorias/eventos,true
/producto/etiquetas-adhesivas-de-papel,/categorias/adhesivos-personalizados,true
/producto/etiquetas-adhesivas-en-bobina,/productos/etiquetas-adhesivas-en-bobina,true
/producto/flyer,/productos/flyers-personalizados,true
/producto/folletos-plegados,/productos/folletos-plegados-personalizados,true
/producto/foto-en-carton-pluma,/productos/panel-foam-personalizado,true
/producto/foto-en-forex,/productos/panel-forex,true
/producto/identificadores-maleta,/productos/identificador-maleta,true
/producto/imanes,/productos/imanes-publicitarios,true
/producto/imanes-para-vehiculos,/productos/lamina-magnetica-impresa,true
/producto/impresion_banderolas,/productos/banderolas-personalizadas,true
/producto/laminado-velleda,/productos/vinilo-suelo-personalizado,true
/producto/lanyard,/productos/lanyards-eventos-barcelona,true
/producto/libretas,/productos/libretas-personalizadas,true
/producto/libros-bajo-demanda,/categorias/libros-revistas-catalogos,true
/producto/manteles-individuales,/productos/manteles-individuales-personalizados,true
/producto/memorias,/categorias/libros-revistas-catalogos,true
/producto/minutas,/categorias/publicidad-oficina/material-oficina,true
/producto/photocalls,/productos/photocall-personalizado,true
/producto/placas-de-metacrilato,/productos/metacrilato-personalizado,true
/producto/planos-arquitecto,/categorias/libros-revistas-catalogos,true
/producto/poming,/productos/colgador-puerta-personalizado,true
/producto/posavasos,/productos/posavasos,true
/producto/puntos-de-libro,/productos/puntos-de-libro-personalizados,true
/producto/roll-up,/productos/roll-up-personalizado,true
/producto/rotulacion-de-espacio,/categorias/gran-formato,true
/producto/sellos-de-goma,/productos/sellos-de-goma-personalizados,true
/producto/sobres-y-bolsas,/productos/sobres-personalizados,true
/producto/stoppers,/productos/stoppers-lineal-personalizados,true
/producto/tarjeta-de-visita-con-barniz-selectivo,/productos/tarjetas-de-visita-personalizadas,true
/producto/tarjeta-felicitacion,/productos/invitaciones-y-tarjetones-personalizados,true
/producto/tarjeta-publicitaria,/categorias/publicidad-oficina/material-publicitario,true
/producto/tarjetas-especiales,/categorias/publicidad-oficina/material-publicitario,true
/producto/tesis-doctoral,/categorias/libros-revistas-catalogos,true
/producto/totem,/productos/totems-publicitarios-personalizados,true
/producto/vinilo-al-acido,/productos/vinilo-para-cristal,true
/producto/vinilos-adhesivos,/categorias/adhesivos-personalizados,true
/producto/vinilos-de-corte,/productos/vinilo-de-corte,true
/producto/vinilos-de-escaparate,/productos/vinilo-para-cristal,true
/productos/banderolas-lineal,/productos/banderolas-lineal-personalizadas,true
/productos/oficina,/categorias/publicidad-oficina/material-oficina,true
/shop,/productos,true
