"Title","CategorySlug","NavLabel","IsPublished","Description","BodyMd","DetailsMd","TypesMd","FormatsMd","UsesMd","FinishesMd","FaqsJson","ImageSrc","ImageWidth","ImageHeight","ImageAlt","GalleryImagesJson","BreadcrumbsJson","CtaText","CtaLink","MetaTitle","MetaDescription","Canonical","HrefLangJson","KeywordsJson","SearchTermsJson","SchemaJson","LegacySlugsJson","RobotsOverride","Path"
"Adhesivos personalizados para branding e interiorismo","adhesivos-personalizados","Adhesivos","Verdadero","Diseñamos e imprimimos adhesivos personalizados para marcas y empresas: etiquetas de producto, pegatinas promocionales, vinilos para escaparates, packaging y señalización. Elige material, forma y acabado, y te ayudamos a conseguir un resultado resistente, profesional y con colores fieles.",,"Libera tu imaginación y deja adherido tu mejor adhesivo personalizado

Los adhesivos personalizados son una forma rápida y rentable de dar visibilidad a una marca, identificar productos y reforzar la experiencia de compra. Imprimimos pegatinas y etiquetas para campañas promocionales, packaging, escaparates y señalización.
Trabajamos con materiales para interior y exterior, con opciones removibles o permanentes, y acabados que protegen la impresión frente a roce, humedad y luz. Si lo necesitas, te asesoramos para elegir el soporte adecuado según uso, superficie y duración, y lograr un resultado duradero y profesional.
","Pegatinas en papel: perfectas para uso interior, promociones y packaging. Buena calidad de impresión y opción económica.
•	Pegatinas en papel: perfectas para uso interior, promociones y packaging. Buena calidad de impresión y opción económica.
•	Vinilo (PVC): ideal para superficies lisas y mayor durabilidad. Muy versátil para marca y rotulación.
•	Vinilo resistente exterior: pensado para intemperie y uso intensivo (con la protección adecuada).
•	Vinilo transparente: efecto “sin fondo” para cristal o packaging con acabado más premium.
•	Adhesivo removible: se retira con facilidad recomendado para campañas temporales o acciones puntuales.
•	Adhesivo permanente: máxima fijación para etiquetado estable y aplicaciones que deben durar.

","Imprimimos adhesivos rectangulares, redondos, ovalados o con forma personalizada mediante troquelado a medida. Según el tipo de adhesivo y su aplicación, podemos entregarlos en unidades sueltas, planchas (hojas) o bobina.","•	Etiquetas de cosmética, alimentación, bebidas, ecommerce
•	Stickers para eventos, acciones promocionales y street marketing
•	Vinilos para escaparates, paredes y señalética
•	Identificación de paquetes, cajas, carpetas y material corporativo","En los acabados 
•	Laminado mate o brillo aporta protección extra y un acabado más profesional.
•	Barniz selectivo resalta logos o zonas concretas para un efecto visual premium.
•	Acabado soft touch tacto aterciopelado, ideal para packaging y marca.
•	Refuerzo para exterior (según material y uso): pensado para mejorar la durabilidad en condiciones exigentes.
","[{""question"":""¿Qué material es mejor para exterior?"",""answer"":""Vinilo con laminado protector suele ser la opción más resistente para intemperie.""},{""question"":""¿Puedo pedir adhesivos con forma personalizada?"",""answer"":""Sí, hacemos troquelado con el contorno que necesites.""},{""question"":""¿Tenéis adhesivo removible para campañas?"",""answer"":""Sí, ideal para promociones temporales o cristales, ya que no dejan residuo.""},{""question"":""¿En qué formato entregáis: sueltos, plancha o bobina?"",""answer"":""Depende del tipo de adhesivo y del uso. Te recomendamos el formato más práctico.""}]","https://webcms.blob.core.windows.net/media/category/adhesivos.webp","350","321","Adhesivos personalizados en vinilo para escaparates y productos de empresas en Cataluña","[]","[{""name"":""Inicio"",""url"":""/""},{""name"":""Adhesivos"",""url"":""/categorias/adhesivos""},{""name"":""Adhesivos personalizados para branding e interiorismo"",""url"":""/categorias/adhesivos""}]","Ver Productos","https://www.reprodisseny.com#productos","Adhesivos personalizados | Stickers y vinilos a medida","Adhesivos y pegatinas personalizadas en papel o vinilo, con troquelado a medida y acabados premium. Para etiquetas, packaging y escaparates.","https://reprodisseny.com/categorias/adhesivos-personalizados","[{""lang"":""es-ES"",""url"":""https://reprodisseny.com/categorias/adhesivos""}]","[""Adhesivos personalizados para empresas"",""Etiquetas adhesivas en Cataluña"",""Impresión de pegatinas promocionales"",""Adhesivos para packaging"",""Etiquetas autoadhesivas de calidad""]","[]","{""@type"":""CollectionPage"",""name"":""Adhesivos personalizados para branding e interiorismo | Repro Disseny"",""description"":""Adhesivos vinílicos, troquelados y removibles para campañas, productos y decoración. Soluciones creativas y personalizadas para agencias y negocios en Cataluña."",""image"":""https://reprodisseny.com/img/categorias/adhesivos/etiquetas-adhesivas.png"",""sku"":"""",""brand"":{""@type"":""Organization"",""name"":""Repro Disseny""},""offers"":{""@type"":""Offer"",""price"":0,""priceCurrency"":""EUR"",""availability"":""https://schema.org/InStock""}}",,"INHERIT","/categorias/adhesivos-personalizados"
"Impresión personalizada para eventos corporativos","eventos","Eventos","Verdadero","Preparamos e imprimimos todo el material gráfico para eventos: ferias, congresos, presentaciones, inauguraciones y actos corporativos. Desde cartelería y stands hasta acreditaciones y señalética, con asesoramiento en materiales, acabados y formatos para que tu marca destaque y todo llegue a tiempo.","Cómo trabajamos
1.	Nos envías el diseño o te ayudamos a prepararlo.
2.	Revisamos medidas, sangrado, legibilidad y requisitos de montaje.
3.	Imprimimos y aplicamos acabados según el uso (interior/exterior).
4.	Entregamos listo para instalar y, si lo necesitas, coordinamos la logística.

¿Tienes un evento con fecha cerrada? Dinos día, lugar y qué necesitas (stand, señalética, acreditaciones, gran formato…) y te recomendamos materiales y acabados para llegar a tiempo con el mejor resultado.
","Conoce las características de la impresión para eventos

Para que un evento transmita una imagen profesional y coherente, la impresión debe cumplir tres cosas: verse bien desde la distancia, aguantar el uso (montaje, manipulación, tránsito) y llegar a tiempo con los formatos listos para instalar. Por eso, la impresión para eventos se define por la combinación de tipos de pieza, soportes y acabados, en función de si es interior/exterior y de la duración del evento.","•	Cartelería y promoción: piezas pensadas para informar y atraer (flyers, folletos, pósters, trípticos, invitaciones, entradas, tarjetas rasca, cupones promocionales o fundas especiales). Suelen priorizar calidad de imagen, legibilidad y consistencia de color con tu marca. 
•	Stands y gran formato: elementos que “construyen” el espacio de marca (roll-ups, X-banners, lonas, photocalls, tótems). Aquí es clave la estabilidad, la presencia visual y que el material llegue con el sistema de montaje correcto. 
•	Señalética: todo lo que guía y ordena el flujo de personas (vinilos de pared/suelo, flechas, indicadores, carteles informativos, dorsales). La prioridad es la lectura rápida, la resistencia al roce y el adhesivo/soporte adecuado según superficie. 
•	Identificación: acreditaciones, tarjetas, lanyards, nombres de sobremesa o identificadores (por ejemplo, de maleta). Deben ser cómodos, claros y resistentes a la manipulación durante todo el evento. 
•	Material corporativo: carpetas, catálogos, tarjetas, diplomas o minutas. Se busca un acabado cuidado, buena reproducción de color y una presencia alineada con el tono de la marca. 
•	Merchandising impreso: pegatinas, etiquetas, premios personalizados o abanicos, entre otros. Aquí manda el impacto visual y la durabilidad según el uso (reparto, manipulación, exterior, etc.).
","Interior o exterior: la elección del material depende de la ubicación, la duración y las condiciones (luz, humedad, roce). Esto determina desde el soporte hasta el tipo de protección y fijación. 
•	Soportes rígidos: cartón pluma, PVC, metacrilato, Dibond, nido de abeja u otros, según necesidad. Son ideales cuando necesitas estabilidad, señalización autoportante o piezas que mantengan forma. 
•	Soportes flexibles: lona, textil, papel o vinilo adhesivo. Funcionan muy bien para gran formato enrollable, aplicaciones en pared/cristal y elementos que requieren transporte fácil. 
•	Montaje y sistemas: detalles como ojales, dobladillo, vaina o estructuras (roll-up/soportes de exposición) marcan la diferencia entre “imprimir” y tenerlo listo para instalar. 
•	Cortes y personalización: formatos estándar o a medida, con corte/troquel cuando aplique (ideal para piezas con forma, displays, identificadores, etc.).
##Acabados
•	Laminado mate o brillo: mejora presencia y añade protección (muy útil en piezas manipuladas o expuestas). 
•	Soft touch: aporta un tacto premium, ideal en material corporativo o piezas de marca donde quieres un plus de calidad percibida. 
•	Barniz selectivo: resalta zonas concretas (logos, titulares) para dirigir la atención y elevar el acabado. 
•	Troquelados: formas especiales en tarjetas, acreditaciones o displays, para piezas más memorables y funcionales. 
•	Encuadernación: grapado, fresado o tapa dura según catálogos/programas, para una presentación sólida y duradera. 
•	Opciones de refuerzo para uso intensivo: cuando el material va a sufrir (montaje/desmontaje, transporte, exterior), se contemplan refuerzos según soporte y aplicación.
","•	Ferias y congresos: stands, photocall, señalización y material promocional.
•	Eventos corporativos: presentaciones, formaciones, convenciones internas.
•	Puntos de venta e inauguraciones: vinilos, carteles, displays y promociones.
•	Eventos culturales/deportivos: entradas, acreditaciones, programas, cartelería.
•	Acciones de marca: campañas temporales, activaciones y street marketing.
",,"[{""question"":""¿Qué material recomendáis para eventos en exterior?"",""answer"":""Lona o vinilo adecuados para intemperie, normalmente con opciones de refuerzo/protección según duración y exposición.\n""},{""question"":""¿Podéis imprimir un pack completo para un evento (stand + flyers + acreditaciones)?"",""answer"":""Sí, podemos unificar producción para mantener coherencia de color y acabados en todas las piezas.\n""},{""question"":""¿Hacéis formatos a medida (photocall, carteles grandes, vinilos)?"",""answer"":""Sí, trabajamos formatos estándar y personalizados, con corte a medida cuando sea necesario.\n""},{""question"":""¿Qué archivos necesitáis para imprimir?"",""answer"":""Idealmente PDF en alta calidad, con medidas finales y sangrado. Si no lo tienes listo, te ayudamos a prepararlo.\n""},{""question"":""¿Podéis entregar con urgencia?"",""answer"":""En función del producto y acabados, podemos organizar producciones rápidas. Indícanos la fecha del evento para priorizar la mejor solución.\n""}]","https://webcms.blob.core.windows.net/media/category/eventos.webp","2.400","1.200","Material gráfico personalizado para eventos corporativos en Cataluña","[]","[{""name"":""Inicio"",""url"":""/""},{""name"":""Eventos"",""url"":""/categorias/eventos""}]","Ver Productos","https://www.reprodisseny.com#productos","Impresión personalizada para eventos corporativos | Repro Disseny","Impresión para eventos: roll-ups, photocalls, lonas, flyers, acreditaciones y merchandising. Materiales interior/exterior, acabados premium y entrega rápida.","https://reprodisseny.com/categorias/eventos","[{""lang"":""es-ES"",""url"":""https://reprodisseny.com/categorias/eventos""},{""lang"":""ca-ES"",""url"":""https://reprodisseny.com/ca/categorias/eventos""}]","[""Material gráfico para eventos corporativos"",""Impresión de acreditaciones y lanyards"",""Señalética personalizada para eventos"",""Invitaciones y programas impresos"",""Soluciones gráficas para congresos""]","[""impresión personalizada para eventos corporativos | repro disseny""]","{""@type"":""CollectionPage"",""name"":""Impresión personalizada para eventos corporativos | Repro Disseny"",""description"":""Acreditaciones, invitaciones, soportes gráficos y detalles para eventos. Producción local y adaptada a agencias y organizadores.\n"",""image"":""/img/categorias/eventos/eventos.png""}",,"INHERIT","/categorias/eventos"
"Expositores personalizados para ferias y punto de venta","expositores","Expositores","Verdadero","Diseñamos e imprimimos expositores publicitarios para que tu marca destaque en ferias, congresos, eventos y espacios comerciales. Desde soluciones rápidas como roll-ups y banners hasta montajes más impactantes como photocalls, tótems o cajas de luz, con materiales pensados para interior o exterior y un acabado profesional.","Cómo trabajamos
1.	Nos indicas el tipo de expositor, medidas y dónde se instalará.
2.	Revisamos el diseño (o lo adaptamos) para asegurar legibilidad y margen de seguridad.
3.	Te recomendamos material/soporte según interior/exterior y duración.
4.	Imprimimos, montamos si aplica y entregamos listo para usar.

Cuéntanos dónde irá el expositor (interior/exterior), medidas y fecha del evento, y te proponemos la opción más efectiva para que tu marca se vea impecable.
","Conoce las características de los expositores

Un expositor efectivo no es solo “una gráfica bonita”: tiene que verse desde la distancia, mantenerse estable en el entorno donde se instala y permitir un montaje rápido sin complicaciones. Por eso, la clave está en combinar bien tipo de expositor + soporte + sistema (estructura/base/tensado) y rematarlo con el acabado adecuado para el uso real (feria, punto de venta, exterior, campañas temporales, etc.).
","•	Expositores enrollables y portátiles (roll-ups, banners, caballetes): pensados para transportar, montar y desmontar con facilidad. Funcionan muy bien cuando necesitas una solución rápida, repetible y con buena presencia en eventos itinerantes o puntos de venta.
•	Señalización vertical de alto impacto (tótems, expositores de suelo, marcos system): priorizan altura y visibilidad. Son ideales para dirigir el flujo de gente, destacar una promoción o marcar un espacio dentro del stand o la tienda.
•	Fondos y sets para fotos: (photocalls, marcos photocall, cubos): diseñados para ser el “fondo de marca” en fotos, prensa o redes. Aquí es importante que el resultado sea homogéneo, sin arrugas y con una gráfica bien centrada y legible.
•	Visibilidad exterior (banderolas, banner golf): soluciones pensadas para captar atención en zonas abiertas; la elección del sistema y los refuerzos es clave según ubicación y viento. 
•	Iluminación y acabados premium (cajas de luz): aportan un extra de impacto gracias al efecto retroiluminado (textil o rígidas, según sistema). Muy recomendables cuando compites visualmente en ferias o espacios comerciales. 
•	Punto de venta y mostrador (expositores de mesa, displays): formatos compactos para producto, ofertas o información. Se busca buena lectura a corta distancia, rigidez adecuada y, si aplica, formas personalizadas. 
•	Soluciones específicas (cubrealarmas, contenedor reciclaje, árbol de Navidad corporativo): piezas funcionales que se personalizan para mantener una estética de marca coherente incluso en elementos “técnicos” o estacionales.
","•	Medidas estándar o a medida: se definen en función del espacio disponible y, sobre todo, de la distancia de lectura (un mensaje pensado para 2 metros no se diseña igual que uno para 10). 
•	Interior / exterior: condiciona el material, la protección y la estructura. En exterior se valora especialmente la resistencia al sol, humedad y viento, además de una base/estructura estable. 
•	Soportes flexibles (lona, textil, vinilo, backlit): ideales para sistemas enrollables, banderolas, photocalls textiles y cajas de luz (backlit). Permiten transporte cómodo y grandes formatos con buen impacto. 
•	Soportes rígidos (PVC/Forex, cartón pluma, Dibond, etc.): recomendables cuando necesitas cuerpo, estabilidad o piezas autoportantes/displays con presencia. La elección depende del uso y la durabilidad requerida. 
•	Sistemas y montaje (estructuras, marcos, bases, perfiles y tensado): aquí se decide gran parte del “resultado profesional”. Un buen tensado evita arrugas; una base correcta evita vuelcos; y un marco adecuado mejora la percepción de calidad.
","•	Ferias y congresos: señalización de stand, promociones, lanzamientos.
•	Punto de venta: comunicación de campañas, ofertas, novedades.
•	Eventos y photocalls: fondos de marca, patrocinadores, prensa.
•	Señalética interna: dirección, normas, itinerarios, información.
•	Campañas estacionales: Navidad, rebajas, promociones temporales.","•	Laminado mate o brillo: añade protección y mejora la presencia (según soporte). Útil en expositores que se manipulan, viajan o están en zonas de roce. 
•	Refuerzos para exterior: dobladillos, refuerzo perimetral, ojales o vaina cuando aplica, para asegurar fijación y resistencia en montajes expuestos. 
•	Corte a medida / troquelado: perfecto para displays y elementos promocionales con forma personalizada, aportando diferenciación sin perder funcionalidad.  
•	Impresión a una o dos caras: según el tipo de expositor y su ubicación, puedes optar por visibilidad frontal o doble cara (por ejemplo, en zonas de paso).
","[{""question"":""¿Qué expositor es más práctico para ferias?"",""answer"":""El roll-up suele ser el más rápido y fácil de transportar; para impacto visual, photocall, tótem o caja de luz.
./n""},{""question"":""¿Qué material recomendáis para exterior?
"",""answer"":""Depende de la ubicación (viento/sol). Normalmente se usan lonas y sistemas con refuerzo y estructura estable.
/n""},{""question"":""¿Incluís la estructura (roll-up, marco, base)?"",""answer"":""Puede ser solo impresión o impresión + sistema completo, según el producto.
""},{""question"":""¿Podéis hacerlo a medida (tamaño y forma)?"",""answer"":""Sí, trabajamos medidas personalizadas y cortes a medida cuando el soporte lo permite.
""},{""question"":""¿Qué archivos necesitáis para imprimir?"",""answer"":""PDF en alta calidad con medidas finales y sangrado. Si hay marco o sistema, confirmamos plantilla/márgenes antes de producir.""
},{""question"":""¿Puedo pedir un adhesivo con impresión personalizada y en cantidades pequeñas?"",""answer"":""Claro, trabajamos desde pequeñas tiradas hasta grandes producciones, adaptándonos a las necesidades de cada cliente.""}]","https://webcms.blob.core.windows.net/media/category/expositores.webp","2.400","1.200","Expositores impresos personalizados para ferias y puntos de venta en Cataluña","[]","[{""name"":""Inicio"",""url"":""/""},{""name"":""Expositores"",""url"":""/categorias/expositores""},{""name"":""Expositores impresos para punto de venta y eventos | Repro Disseny"",""url"":""/categorias/expositores""}]","Ver Productos","https://www.reprodisseny.com#productos","Expositores personalizados | Roll-ups, photocalls y displays","Expositores para ferias y punto de venta en Barcelona: roll-ups, banners, tótems, photocalls y cajas de luz. También displays, cubrealarmas y marcos a medida.","https://reprodisseny.com/categorias/expositores","[{""lang"":""es-ES"",""url"":""https://reprodisseny.com/categorias/expositores""}]","[""Diseño de stands para ferias"",""Expositores personalizados para puntos de venta"",""Roll-ups publicitarios"",""Displays promocionales"",""Expositores portátiles para eventos""]","[""expositores impresos para punto de venta y eventos | repro disseny""]","{""@type"":""CollectionPage"",""name"":""Expositores impresos para punto de venta y eventos | Repro Disseny"",""description"":""Stoppers, PLV, displays y peanas de cartón. Expositores personalizados para destacar en retail, showrooms y ferias."",""image"":""https://reprodisseny.com/img/categorias/expositores/estructuras-exposicion.png"",""sku"":"""",""brand"":{""@type"":""Organization"",""name"":""Repro Disseny""},""offers"":{""@type"":""Offer"",""price"":0,""priceCurrency"":""EUR"",""availability"":""https://schema.org/InStock""}}",,"INHERIT","/categorias/expositores"
"Impresión gran formato (flexible y rígido)","gran-formato","Gran Formato","Verdadero","Imprimimos en gran formato para exterior e interior: vinilos, lonas, cartelería, retroiluminados y soportes rígidos para punto de venta, escaparates, ferias, señalética y rotulación. Te asesoramos para elegir el material ideal según la superficie, la duración y las condiciones (sol, humedad, roce o tránsito).","Cómo trabajamos
1.	Nos dices dónde irá (pared, cristal, suelo, vehículo, exterior…) y medida.
2.	Revisamos el archivo y definimos material/adhesivo según superficie y duración.
3.	Imprimimos y aplicamos acabados (laminado, corte, refuerzos).
4.	Entregamos listo para instalar (y si aplica, coordinamos logística).

¿Dudas entre vinilo, lona o rígido? Cuéntanos superficie, ubicación (interior/exterior), medida y duración y te recomendamos el material más adecuado.
","Conoce las características del gran formato

El gran formato no es solo “imprimir grande”: es elegir bien material + adhesivo (si aplica) + acabado para que la gráfica se vea impecable y tenga la resistencia que necesitas según la ubicación (interior/exterior), la superficie (cristal, pared, suelo, vehículo…) y el tiempo de uso. Un buen gran formato se nota en tres cosas: impacto visual, durabilidad y facilidad de instalación.
","•	Vinilos adhesivos: soluciones versátiles para pared y superficies planas, cristal, suelo, vehículo y aplicaciones especiales (como vinilo de corte o vinilo de pizarra). La clave está en escoger el vinilo correcto según superficie, exposición y el efecto que buscas (rotulación, campaña temporal, señalización, decoración, etc.).
•	Lonas y banderolas: orientadas a visibilidad a distancia y comunicación en gran tamaño, con opciones para fachada y sistemas luminosos según instalación. Aquí manda la resistencia y el sistema de fijación.
•	Papel de pared y decoración: pensado para interiores comerciales, oficinas y espacios de marca; aporta impacto estético en gran superficie con un acabado “de interior” muy cuidado.
•	Textil / tela poliéster: ligero, transportable y con buen resultado visual; ideal cuando necesitas montar/desmontar o llevar la gráfica a ferias y eventos sin complicaciones.
•	Retroiluminados (backlight): gráficas preparadas para cajas de luz y soportes iluminados desde detrás, donde es crucial una reproducción uniforme para que la luz se vea homogénea.
•	Cartelería: posters y carteles de gran tamaño (incluida cartelería inmobiliaria), pensados para captar atención y comunicar con máxima legibilidad.
•	Imanes: opción práctica para superficies metálicas y comunicación temporal (muy útil cuando necesitas poner y quitar sin adhesivo).
•	Soportes rígidos: foam/panel ligero, Forex, Dibond, nido de abeja, Dispa, cartones, metacrilato, madera y enmarcados. Se recomiendan cuando buscas cuerpo, estabilidad y presencia (señalética, displays, puntos de información, etc.).
","•	Medidas estándar o a medida, producimos desde formatos habituales hasta piezas completamente personalizadas. Si el tamaño lo requiere, se puede plantear en una o varias piezas (montaje por módulos) para facilitar transporte e instalación.
•	Interior / exterior: el entorno marca el material y la tinta adecuada, especialmente en exteriores con sol, lluvia y cambios de temperatura.
•	Superficie de aplicación: no es lo mismo pegar en una pared lisa que en cristal, suelo o un vehículo. Por eso, en vinilos es esencial seleccionar el tipo de vinilo/adhesivo correcto para que se instale bien y dure lo previsto.
•	Rígidos para señalética y displays: cuando necesitas carteles más “permanentes” o que el soporte se mantenga firme, los materiales rígidos son la opción más sólida.
",,"•	Laminado mate o brillo: mejora la presencia y añade protección extra, especialmente recomendable en vinilos y cartelería (roce, manipulación o exposición).
•	Acabados específicos para suelo: cuando hay tránsito, se usa el vinilo para suelo con el acabado adecuado para mejorar resistencia (y, si aplica, comportamiento en zonas de paso).
•	Refuerzos para lona: dobladillo, ojales, vaina o refuerzo perimetral según cómo vaya instalada (fachada, tensado, puntos de anclaje, etc.).
•	Corte a medida / troquelado: contornos especiales en vinilos, displays o piezas promocionales para adaptar la gráfica al soporte o crear formatos con forma.
•	Opciones de montaje (según producto): enmarcados, sistemas luminosos, adhesivos específicos y soluciones pensadas para dejar la pieza lista para instalar.##Usos habituales
•	Escaparates y retail: vinilos de cristal, campañas promocionales y rotulación temporal.
•	Señalética: indicaciones, normas, zonas, precios, direccionales.
•	Ferias y eventos: fondos, cartelería grande, rigidez/ligereza según transporte.
•	Fachadas: banderolas y lonas para máxima visibilidad.
•	Decoración corporativa: papel de pared, vinilos de pared y gráficos de marca.
•	Vehículos: rotulación parcial o completa con vinilo para vehículo.","
[{""question"":""¿Qué vinilo es mejor para escaparate?"",""answer"":""Normalmente vinilo para cristal (según si lo quieres opaco, transparente o de corte). Te aconsejamos según el efecto y la duración.\n""},{""question"":""¿Y para suelo?"",""answer"":""Vinilo específico para suelo con el acabado adecuado para tránsito y resistencia.\n""},{""question"":""¿Los retroiluminados sirven para cajas de luz?"",""answer"":""Sí, se usan materiales “backlit” pensados para iluminación desde detrás.\n""},{""question"":""¿Qué soporte rígido es más resistente?"",""answer"":""Depende del uso: Dibond y metacrilato suelen ser opciones muy robustas; Forex y panel ligero funcionan muy bien para interior.\n""},{""question"":""¿Qué archivos necesitáis para imprimir gran formato?"",""answer"":""PDF en alta calidad con medidas finales. Si hay corte/forma especial, necesitamos el contorno vectorial.""}]","https://webcms.blob.core.windows.net/media/category/gran-formato.webp","2.400","1.200","Soportes publicitarios de gran formato impresos para eventos y escaparates en Cataluña","[]","[{""name"":""Inicio"",""url"":""/""},{""name"":""Gran Formato"",""url"":""/categorias/gran-formato""},{""name"":""Impresión en Gran Formato en Barcelona y Cataluña | Repro Disseny"",""url"":""/categorias/gran-formato""}]","Ver Productos","https://www.reprodisseny.com#productos","Gran formato | Vinilos, lonas, rótulos y rígidos a medida","Impresión gran formato en Barcelona: vinilos (pared, cristal, suelo y vehículo), lonas, retroiluminados y soportes rígidos (Forex, Dibond). Interior/exterior.","https://reprodisseny.com/categorias/gran-formato","[{""lang"":""es-ES"",""url"":""https://reprodisseny.com/categorias/gran-formato""}]","[""impresión gran formato Barcelona"",""lonas publicitarias gran formato"",""carteles y pancartas eventos"",""vinilos decorativos oficinas"",""soportes publicitarios gran formato""]","[""impresión gran formato Cataluña"",""impresión digital gran formato"",""cartelería gran formato Barcelona""]","{""@type"":""CollectionPage"",""name"":""Impresión en Gran Formato en Barcelona y Cataluña | Repro Disseny"",""description"":""Servicios de impresión en gran formato en Barcelona y Cataluña: lonas publicitarias, carteles, vinilos decorativos y más. Calidad premium y producción local."",""image"":""https://reprodisseny.com/img/categorias/gran-formato.png"",""brand"":{""@type"":""Organization"",""name"":""Repro Disseny""},""offers"":{""@type"":""Offer"",""price"":0,""priceCurrency"":""EUR"",""availability"":""https://schema.org/InStock""}}",,"INHERIT","/categorias/gran-formato"
"Impresión para hostelería y restauración: hoteles, restaurantes y eventos","hosteleria-restauracion","Hostelería y restauración","Verdadero","En hostelería, la impresión forma parte de la experiencia del cliente: una tarjeta/díptico de habitación claro, un colgador de puerta duradero, un identificador de maleta práctico para grupos y, en sala, una carta de restaurante, tabletents, manteles individuales y portacuentas que transmiten orden y refuerzan la marca. En Repro Disseny imprimimos materiales para hoteles, restaurantes, bares, caterings y eventos con soportes pensados para el uso diario y acabados que aguantan manipulación y limpieza.","Cómo trabajamos
Nos indicas el tipo de producto, medidas y dónde se usará (habitación, sala, terraza, evento).
Revisamos el diseño (o lo adaptamos) para asegurar legibilidad y margen de seguridad.
Te recomendamos material/soporte según uso, limpieza y durabilidad esperada.
Imprimimos y entregamos listo para usar, con acabados profesionales.

Cuéntanos si es para hotel, restaurante, bar o catering, qué piezas necesitas, cantidades y fecha. Te proponemos el soporte y acabado más adecuados para tu día a día. Solicita presupuesto.
","Conoce las características de los productos de hostelería y restauración
 
La impresión para hoteles y restaurantes debe funcionar en el día a día: buena imagen de marca, resistencia a la manipulación continua y practicidad (limpieza, lectura rápida, formatos cómodos). Por eso, las características clave se definen por la combinación de producto + soporte + acabado, según dónde se use (habitación, recepción, barra, sala, terraza o eventos) y el tipo de limpieza que tendrá cada pieza. 
","•	Habitaciones y servicios del hotel: dípticos o tarjetas de habitación (wifi, horarios, servicios, QR) y colgadores de puerta (“no molestar / limpieza”). Se prioriza legibilidad, manipulación cómoda y resistencia a uso repetido. 
•	Restaurante y sala: cartas (comidas, bebidas, vinos), manteles individuales y portacuentas. Aquí es clave la durabilidad, el tacto y que el acabado permita limpiar sin que se deteriore. 
•	Promoción y comunicación rápida: tabletents para menús del día, sugerencias, QR, reseñas o campañas temporales; y colgadores de botellas para recomendaciones y promociones en el punto de decisión. Deben ser visibles, estables y resistentes al roce. 
•	Eventos y banquetes: minutas de boda para presentar el menú y organizar el servicio con un acabado más “cuidado”. 
•	Grupos y organización: identificadores de maleta para excursiones, MICE, bodas y eventos corporativos; se buscan piezas prácticas, claras y consistentes con la imagen del establecimiento. 
","•	Medidas estándar o a medida: adaptamos tamaño y formato a la operativa (carta clásica, díptico, sobremesa/tabletent, etc.). 
•	Soportes rígidos en cartulina: aportan buena presencia y manejo en piezas como portacuentas, minutas o colgadores, manteniendo forma y rigidez. 
•	Opciones más resistentes para mucho uso: para cartas, tabletents o colgadores con alta rotación, se eligen materiales/gramajes adecuados para aguantar manipulación continuada. 
•	Soluciones lavables: para superficies con limpieza frecuente, como mesas o zonas de trabajo, existe la opción de hule personalizado, pensado para uso práctico y repetido. 
•	Plegados y montajes: dípticos listos para habitación, tabletents autoportantes y formatos preparados para poner directamente en sala o recepción. 
","•	Hoteles y alojamientos: información de habitación (wifi, horarios, servicios, QR), señal de “no molestar”, comunicación de promociones y servicios.
•	Restaurantes y bares: cartas claras y resistentes, comunicación de menús del día, sugerencias y campañas en mesa/barra.
•	Mejorar la experiencia del cliente: coherencia visual y sensación de orden y calidad en cada punto de contacto.
•	Ventas y upselling: tabletents y colgadores de botellas para destacar recomendaciones y promociones.
•	Eventos: minutas de boda para presentación cuidada y organización del servicio.
","•	Plastificado mate o brillo: aporta protección y facilita la limpieza; especialmente recomendable en cartas, portacuentas y tabletents. 
•	Laminados/barnices: mejoran presencia, tacto y resistencia al roce en piezas que pasan por muchas manos. 
•	Troquelado: esencial para que colgadores de puerta y colgadores de botellas encajen y funcionen bien (forma precisa y uso cómodo). 
•	Esquinas redondeadas: aumentan la durabilidad y reducen el desgaste en piezas manipuladas a diario. 
•	Impresión a una o dos caras: según visibilidad y uso (por ejemplo, información por ambos lados en colgadores o piezas de mesa).
","[{""question"":""¿¿Qué recomendáis para cartas y piezas que se limpian a menudo??"",""answer"":""Normalmente, plastificado mate o brillo. Según el tipo de limpieza y uso (sala/terraza), te proponemos la opción más resistente.""},{""question"":""¿Podéis hacer colgadores de puerta “No molestar / Limpieza” duraderos?"",""answer"":""Sí. Podemos producirlos en materiales y gramajes pensados para uso intensivo, con acabados protectores y troquelado.""},{""question"":""¿Los tabletents y portacuentas pueden llevar QR (reseñas, carta, web)?
"",""answer"":""Sí. Es muy habitual incluir QR para carta digital, reservas, redes o reseñas, manteniendo una estética acorde a la marca.""},{""question"":""¿Hacéis tiradas pequeñas para cambios de temporada o menú del día?"",""answer"":""Sí, trabajamos tiradas ajustadas y reimpresiones rápidas cuando cambian precios, platos o campañas.""},{""question"":""¿Qué archivos necesitáis para imprimir?"",""answer"":""Preferiblemente PDF en alta calidad con medidas finales y sangrado. Si hay troquel (colgadores), confirmamos plantilla y márgenes antes de producir.









","https://webcms.blob.core.windows.net/media/category/hoteles-restaurantes.webp","2.400","1.200","Cartas y menús impresos para restaurantes y hoteles en Cataluña","[]","[{""name"":""Inicio"",""url"":""/""},{""name"":""Hostelería y restauración"",""url"":""/categorias/hosteleria-restauracion""},{""name"":""Impresión para Hoteles y Restaurantes"",""url"":""/categorias/hosteleria-restauracion""}]","Ver Productos","https://www.reprodisseny.com#productos","Impresión para hostelería y restauración | Cartas y más","Impresión para hoteles y restaurantes en Barcelona: tarjetas, colgadores de puerta, cartas, tabletents, manteles y hules personalizados. Acabados resistentes","https://reprodisseny.com/categorias/hosteleria-restauracion","[{""lang"":""es-ES"",""url"":""https://reprodisseny.com/categorias/hosteleria-restauracion""}]","[]","[]","{""@type"":""CollectionPage"",""name"":""Impresión para hoteles, restaurantes y hostelería | Repro Disseny"",""description"":""Cartas, menús, posavasos, tarjetas y packaging personalizado para hoteles, restaurantes y negocios de hostelería en Cataluña. Calidad profesional y producción local.""}",,"INHERIT","/categorias/hosteleria-restauracion"
"Libros, revistas y catálogos en impresión digital","libros-revistas-catalogos","Publicaciones","Verdadero","Imprimimos libros, revistas y catálogos para empresas, marcas y editoriales: desde tiradas cortas y reimpresiones rápidas hasta producciones más amplias. Te asesoramos en papeles, encuadernación y acabados para lograr un resultado profesional, resistente y alineado con tu imagen.","Cómo trabajamos
1.	Nos envías el diseño o te ayudamos a prepararlo.
2.	Revisamos formato, sangrado, márgenes, lomo (si aplica) y orden de páginas.
3.	Te proponemos papel, encuadernación y acabados según uso y presupuesto.
4.	Imprimimos, encuadernamos y entregamos el material listo para distribuir.


¿No tienes claro qué encuadernación o papel elegir para tu publicación? Dinos formato, número de páginas, cantidad y uso (catálogo, revista o libro) y te recomendamos la opción más adecuada para pedir presupuesto con seguridad.
","Conoce las características de libros, revistas y catálogos
 
Una publicación profesional se nota (y se recuerda) por los detalles: papel, encuadernación, acabado de cubierta y una impresión con buena reproducción de color. En Repro Disseny trabajamos libros, revistas y catálogos para marcas, empresas y editoriales con el objetivo de que el resultado sea sólido, cómodo de leer y alineado con tu imagen, tanto en tiradas cortas como en producciones medias.  ","•	Catálogos: pensados para presentar producto o servicios con una estructura clara. Suelen requerir buen cuerpo de papel, fotografía nítida y una encuadernación que aguante el uso comercial (visitas, ferias, showroom). 
•	Revistas: publicaciones periódicas o promocionales (internas, de marca, de eventos). Se busca una combinación equilibrada entre ligereza, buena lectura y un acabado que refuerce la identidad visual. 
•	Libros: desde contenidos corporativos y formativos hasta ediciones especiales. Aquí pesan mucho la durabilidad, el lomo y el tipo de encuadernación (rústica, cosido, tapa dura). 
•	Manuales y dossiers: documentación técnica, guías, memorias y presentaciones. Priorizan claridad, facilidad de consulta y encuadernaciones prácticas para uso frecuente. 
","•	Tamaños habituales y a medida: A4, A5, cuadrado o formato personalizado. El formato se define según el contenido, el canal (ventas, formación, presentación) y la comodidad de lectura. 
•	Encuadernación grapada (caballito): ideal para revistas finas y catálogos con menos páginas. Es ligera, práctica y muy habitual en publicaciones periódicas. 
•	Encuadernación fresada (rústica / cola): aporta aspecto “libro” y es muy adecuada para catálogos y publicaciones con más páginas, con una presencia más robusta en mano. 
•	Cosido y tapa dura (según proyecto): orientado a libros y ediciones premium que necesitan mayor durabilidad, mejor apertura y un acabado más “editorial”. 
•	Espiral / Wire-O (si aplica): muy práctica en manuales, recetarios o documentos de consulta, porque permite abrir y mantener la publicación plana. 
•	Papeles interiores: offset, estucados mate o brillo, reciclados… El papel define tanto el tacto como la lectura y el aspecto del color (por ejemplo, mate más elegante vs. brillo más vibrante). 
•	Cubiertas: cartulinas gráficas y estucados (mate o brillo) con mayor gramaje para ganar rigidez y presencia; también opciones con texturas para un plus de diferenciación. 
","•	Catálogos de producto (colecciones, tarifas, campañas) 
•	Revistas corporativas o internas (comunicación, cultura de empresa) 
•	Memorias anuales y documentación institucional 
•	Manuales de uso y formación 
•	Lookbooks y portfolios para marcas creativas 
•	Presentaciones comerciales y dossiers de ventas
","•	Laminado mate o brillo: protege la cubierta frente a roces y huellas y mejora el tacto/imagen (muy recomendable en catálogos de uso comercial). 
•	Soft touch: acabado premium muy usado en cubiertas para aportar un tacto más “sedoso” y una percepción de mayor calidad. 
•	Barniz selectivo: resalta logo, título o detalles para dirigir la atención y aportar contraste (especialmente efectivo en portada). 
•	Stamping: detalle premium para portadas, ideal si buscas un impacto visual distintivo. 
•	Relieve en seco (gofrado): aporta volumen y presencia sin necesidad de tinta adicional; muy útil en cubiertas corporativas. 
•	Solapas: especialmente en rústica, mejoran la presentación y la funcionalidad (información extra, marca, protección de cantos). 
","[{""question"":""¿Qué encuadernación es mejor para un catálogo?"",""answer"":""Depende de páginas y uso: grapado para catálogos ligeros; fresado o tapa dura para un acabado más premium y resistente.""},{""question"":""¿Cuál es la diferencia entre grapado y fresado?
"",""answer"":El grapado es más ligero y económico; el fresado ofrece aspecto “libro” y es mejor para más páginas.""},{""question"":""¿Puedo imprimir tiradas cortas o reimpresiones?"",""answer"":""Sí, la impresión digital es ideal para tiradas cortas, actualizaciones de contenido y reimpresiones.""},{""question"":""¿Qué archivos necesitáis para imprimir?"",""answer"":""PDF en alta calidad (preferible), con medidas finales, sangrado y tipografías incrustadas. Si hay lomo, necesitamos el grosor estimado según papel/páginas.""},{""question"":""¿Puedo añadir acabados especiales en portadas?"",""answer"":""Sí: laminado, barniz selectivo, soft touch, stamping, relieve… según el tipo de proyecto.""}]









","https://webcms.blob.core.windows.net/media/category/libros-revistas-catalogo.webp","350","321","Imagen de libros, catálogos y revistas impresas de alta calidad para empresas en Barcelona","[]","[{""name"":""Inicio"",""url"":""/""},{""name"":""Libros Revistas Catalogos"",""url"":""/categorias/libros-revistas-catalogos""},{""name"":""Impresión de libros, revistas y catálogos en Barcelona"",""url"":""/categorias/libros-revistas-catalogos""}]","Ver Productos","https://www.reprodisseny.com#productos","Imprimir libros, revistas y catálogos | Impresión digital","Impresión de libros, revistas y catálogos en Barcelona: tiradas cortas o medias, encuadernación a medida (grapado, fresado, tapa dura) con acabados premium.","https://reprodisseny.com/categorias/libros-revistas-catalogos","[{""lang"":""es-ES"",""url"":""https://reprodisseny.com/categorias/libros-revistas-catalogos""}]","[""Impresión de libros personalizados"",""Editoriales en Cataluña"",""Publicación de libros para empresas"",""Servicios de autoedición"",""Imprenta de libros corporativos"",""Impresión de revistas en Barcelona"",""Diseño de catálogos para empresas"",""Catálogos de productos personalizados"",""Servicios de impresión de revistas"",""Catálogos corporativos de alta calidad""]","[""impresión de libros, revistas y catálogos en barcelona | repro disseny""]","{""@type"":""CollectionPage"",""name"":""Impresión de libros, revistas y catálogos en Barcelona | Repro Disseny"",""description"":""Impresión profesional de libros, revistas y catálogos para empresas, editoriales y agencias. Alta calidad, encuadernación cuidada y entregas rápidas en toda Cataluña."",""image"":""https://reprodisseny.com/img/categorias/libros-revistas-catalogos/catalogos-revistas.png"",""url"":""https://reprodisseny.com/categorias/libros-revistas-catalogos"",""brand"":{""@type"":""Organization"",""name"":""Repro Disseny""},""offers"":{""@type"":""Offer"",""price"":0,""priceCurrency"":""EUR"",""availability"":""https://schema.org/InStock""}}",,"INHERIT","/categorias/libros-revistas-catalogos"
"Packaging a medida: soluciones folding y corrugado para empresa","packaging","Packaging","Verdadero","El packaging no solo protege: también comunica marca, mejora la experiencia y eleva el valor percibido del contenido. En Repro Disseny trabajamos principalmente packaging folding (cartoncillo), ideal para presentación, packs corporativos y unboxing premium. Como complemento, producimos packaging corrugado (cartón ondulado) para envío, logística y recogida (urnas). Te ayudamos a elegir formato, resistencia y acabados según producto, canal (entrega en mano o envío) y nivel de presentación.","Cómo trabajamos
1.	Nos indicas el producto, medidas, peso, canal (entrega en mano / envío) y cantidades.
2.	Revisamos el diseño (o lo adaptamos) para asegurar márgenes, troqueles y preparación correcta.
3.	Te recomendamos formato, soporte y acabados según objetivo de marca y operativa.
4.	Producimos y entregamos listo para montar/usar, con control de calidad.

¿Quieres que te recomendemos la opción adecuada? Indícanos qué vas a empaquetar (medidas/peso/fragilidad), si es para pack corporativo o envío, cantidades y fecha. Te proponemos la solución más eficiente (principalmente folding y, si aplica, corrugado) y te preparamos presupuesto.
","Conoce las características del packaging
Un buen packaging no se limita a “una caja”: debe proteger, presentar y ser eficiente de montar, almacenar y enviar. En esta categoría el peso principal lo tiene el folding, porque es el formato más versátil para packs corporativos, presentación y campañas. El corrugado lo usamos cuando el objetivo es resistencia en transporte o soluciones funcionales como urnas.
","Folding (cartoncillo / presentación y unboxing):
Pensado para imagen, branding y acabado premium. Permite múltiples cierres y experiencias de apertura: estuches y cajas automontables, cajas tipo sobre, cajas con funda/faja (sleeves), formatos con tapa, y soluciones ideales para kits corporativos (onboarding, regalos, campañas).
Corrugado (cartón ondulado / envío y logística):
Diseñado para protección y transporte. Es la opción recomendada cuando la caja debe resistir manipulación, apilado y reparto. En esta categoría lo aplicamos especialmente a cajas de envío y urnas para recogida de tarjetas/participaciones.
Protección interior (opcional):
Separadores, celdillas e insertos para evitar movimiento, roces y golpes. Muy útil en botellas, packs con varias piezas o contenido delicado.
","•	Medidas estándar o totalmente a medida: hacer la caja “a la talla” reduce holguras y necesidad de relleno, mejora presentación y optimiza costes de envío.
•	Folding para presencia de marca: ideal cuando importa la estética, el orden del pack y el unboxing.
•	Corrugado para envío real: se elige según peso, ruta, apilado y manipulación (sin sobredimensionar).
•	Montaje y operativa: opciones automontables/troqueladas para preparar packs rápido en oficina, almacén o evento.
",,"•	Laminado mate o brillo: mejora presencia y añade protección frente a roces.
•	Acabados premium (según caja): barniz selectivo, stamping, soft touch… para elevar el valor percibido en packs corporativos.
•	Troquelado y pegado: esenciales para cierres, solapas, ventanas, formas especiales y un montaje fiable.
•	Impresión exterior e interior: muy recomendable en folding para unboxing (mensaje, instrucciones, QR).

##Uso habitual
•	Packs corporativos / unboxing premium: folding (cajas cofre, cerilla, desplegables con tapa, envolventes y fajas).
•	Regalos y detalles de marca: folding (almohada, dulces mini, porta botellas).
•	Envío y logística: corrugado (caja de envío) para reducir incidencias y proteger el contenido.
•	Captación y dinámicas en punto de contacto: corrugado (urna) para sorteos, encuestas o recogida de tarjetas.
","[{""question"":""¿Qué tipo de packaging puedo personalizar?"",
""answer"":""Puedes personalizar cajas, estuches, sobres, etiquetas, fundas (sleeves) y mucho más, con diseños adaptados a tu marca y producto.""},
{""question"":""¿Qué opción es mejor para un pack corporativo premium?”,
""answer"":"" Normalmente folding (cofre, cerilla, desplegable con tapa o envolvente), porque permite mejor presentación, impresión interior y acabados premium.""},
{""question"":""¿Cuál es la caja más habitual para envíos?”,
""answer"":"" La caja de envío en corrugado es la opción más segura para transporte y logística.”},
{""question"":""¿Podéis hacer packaging a medida con troquel?”,
""answer"":"" Sí. Si el formato requiere troquel/pegado, validamos plantilla y márgenes antes de producir.""}]
","https://webcms.blob.core.windows.net/media/category/packaging.webp","2.400","1.200","Cajas y envases impresos para packaging de productos personalizados en Cataluña","[]","[{""name"":""Inicio"",""url"":""/""},{""name"":""Packaging"",""url"":""/categorias/packaging""},{""name"":""Packaging personalizado para productos y marcas"",""url"":""/categorias/packaging""}]","Ver Productos","https://www.reprodisseny.com#productos","Packaging a medida | Cajas folding y corrugado corporativo","Packaging a medida: cajas folding para presentación, kits y retail (estuches, sleeves y cierres premium). Corrugado para envío y urnas. Pide presupuesto.","https://reprodisseny.com/categorias/packaging","[{""lang"":""es-ES"",""url"":""https://reprodisseny.com/categorias/packaging""}]","[""Diseño de envases personalizados"",""Cajas impresas para productos"",""Etiquetas y sleeves para packaging"",""Soluciones de embalaje sostenible"",""Packaging creativo para marcas""]","[""packaging personalizado para productos y marcas | repro disseny""]","{""@type"":""CollectionPage"",""name"":""Packaging personalizado para productos y marcas | Repro Disseny"",""description"":""Cajas, estuches, sobres y soluciones a medida. Diseñado para destacar tu marca. Impresión de packaging para agencias, negocios y ecommerce."",""image"":""https://reprodisseny.com/img/categorias/packging/packaging.png"",""url"":""https://reprodisseny.com/categorias/packaging"",""brand"":{""@type"":""Organization"",""name"":""Repro Disseny""},""offers"":{""@type"":""Offer"",""price"":0,""priceCurrency"":""EUR"",""availability"":""https://schema.org/InStock""}}",,"INHERIT","/categorias/packaging"
"Impresión para publicidad y oficina: material promocional y papelería corporativa","publicidad-oficina","Publicidad y Oficina","Verdadero","La comunicación de tu marca no termina en el diseño: se nota en lo que entregas, envías o colocas en el punto de venta. En Repro Disseny imprimimos materiales de publicidad (flyers, folletos, posters, displays, stoppers…) y materiales de oficina (tarjetas, sobres, carpetas, blocs, agendas…) con acabados profesionales, buena reproducción de color y opciones pensadas para campañas, ferias, tiendas y uso diario.","Nos indicas qué necesitas (producto, cantidades, medidas, uso y fecha).
Revisamos el diseño para asegurar legibilidad, márgenes y preparación correcta de imprenta.
Te recomendamos soporte y acabado según objetivo (impacto, durabilidad, manipulación, punto de venta, envío).
Imprimimos y entregamos listo para usar, con control de calidad y consistencia de color.

Si nos indicas qué pieza necesitas, cantidades, cómo se va a usar (reparto, envío, tienda u oficina) y fecha, te recomendamos la combinación más eficiente de formato, soporte y acabado para que el material funcione y se vea profesional. Solicita tu presupuesto sin compromiso
","Conoce las características de los productos de publicidad y oficina 

La impresión para publicidad y oficina tiene un objetivo claro: comunicar rápido, con buena presencia y coherencia de marca, tanto en piezas promocionales (captación y punto de venta) como en papelería corporativa (uso diario y documentación). Por eso, las características más importantes se definen por la combinación de tipo de producto + formato/soporte + acabado, según si la pieza se va a repartir, enviar, manipular a diario o exponer en tienda.","•	Publicidad para captar y promocionar (flyers, folletos plegados, posters, postales, invitaciones): piezas pensadas para impacto inmediato. Aquí mandan la legibilidad, el orden de la información y una reproducción de color consistente para que tu marca se reconozca al primer vistazo. 
•	Punto de venta y retail (displays de mesa, stoppers, banderolas lineal, tiras lineal): materiales que compiten visualmente en el “momento de decisión”. Requieren soportes que mantengan estabilidad, buena lectura desde la distancia y acabados que aguanten roce y manipulación. 
•	Acciones especiales y fidelización (tarjetas rasca, tarjetas de PVC, imanes, puntos de libro): productos que buscan diferenciarse y durar. Se valoran materiales más resistentes y opciones de personalización cuando aplica. 
•	Packaging y etiquetado (etiquetas colgantes): deben ser funcionales (colgar bien, no romperse, mantener el aspecto) y coherentes con el producto. 
•	Oficina y marca corporativa (tarjetas de visita, papel de carta, sobres, carpetas, archivadores, certificados): piezas que transmiten seriedad y orden. El papel y el acabado influyen mucho en la calidad percibida. 
•	Organización y uso diario (blocs, libretas, agendas, calendarios, talonarios autocopiativos, sellos): prioridad a la practicidad, la resistencia al uso continuado y la claridad de lectura. 
•	Imagen y señalización (letras corpóreas, pizarras, placa de dirección): orientados a visibilidad y presencia; aquí pesa la elección del soporte para conseguir un resultado estable y profesional. 
","•	Medidas estándar o a medida: desde formatos habituales (A6/A5/A4) hasta dípticos/trípticos o tamaños especiales, según el canal (reparto, mailing, mostrador, recepción). 
•	Formas personalizadas: flyers con forma y piezas troqueladas para campañas con más impacto o para adaptarse a un uso concreto (p. ej., punto de venta). 
•	Soportes para mostrador y lineal: materiales pensados para “aguantar de pie” y mantener visibilidad sin deformarse, especialmente en displays y elementos de retail. 
•	Papeles según objetivo: opciones más sobrias y corporativas para oficina, y alternativas más llamativas para promo cuando buscas destacar (sin perder legibilidad). 
•	Materiales especiales: PVC para tarjetas duraderas (fidelización/acceso) y soportes más rígidos/estructurales para piezas de imagen como letras corpóreas o placas. 
",,"•	Laminado mate o brillo: protege y mejora presencia; muy útil en piezas que pasan por muchas manos (tarjetas, displays, materiales de mostrador). 
•	Barniz selectivo y acabados premium: para resaltar logo, titular o detalles y dirigir la atención donde interesa (según necesidad del proyecto). 
•	Troquelado: clave en flyers con forma y elementos de punto de venta para conseguir la silueta exacta y un resultado más diferencial. 
•	Hendidos y plegados: imprescindibles en folletos plegados para un cierre limpio y una lectura cómoda (sin “romper” el papel). 
•	Numeración y datos variables (cuando aplica): útil en talonarios, certificados o acciones promocionales que requieren control, identificación o personalización. 
##Usos habituales 
•	Captación y campañas: reparto de flyers, envíos con postales e invitaciones, posters en local o escaparate. 
•	Impulso en tienda: stoppers, banderolas lineal, tiras lineal y displays para vender más en el punto de decisión. 
•	Imagen corporativa sólida: papelería alineada (tarjetas, sobres, carpetas, certificados) para dar consistencia a tu marca. 
•	Gestión y operativa: talonarios autocopiativos, sellos, archivadores, calendarios y material interno. 
•	Señalización y presencia: placa de dirección y letras corpóreas para reforzar visibilidad del negocio.
","Preguntas frecuentes
[{""question"":”¿Podéis hacer flyers y folletos en tiradas pequeñas o por campañas?”,
“answer”:”Sí. Adaptamos la producción a campañas puntuales, temporadas o promociones recurrentes.},
{""question"":”¿Qué recomendáis para piezas de punto de venta (stoppers, displays, lineal).”,
“answer”:”Depende del entorno y duración. Te aconsejamos el soporte y el acabado para que aguanten manipulación y se vean bien desde la distancia.},
{""question"":”¿Las tarjetas de PVC y las tarjetas rasca se pueden personalizar?”,
“answer”:”Sí. Podemos producirlas con personalización según el diseño (y opciones como numeración cuando aplique al proyecto).},
{""question"":”¿Podéis unificar la imagen de toda la papelería de oficina?”,
“answer”:”Sí. Es lo ideal: tarjetas, sobres, papel de carta, carpetas y certificados con la misma línea visual.},
{""question"":”¿Qué archivos necesitáis para imprimir?”,
Preferiblemente PDF en alta calidad con medidas finales y sangrado. Si hay troquel o formato especial, validamos plantilla y márgenes antes de producir.}]
","https://webcms.blob.core.windows.net/media/category/material-oficina-publicitario.webp","2.400","1.200","Material publicitario y de oficina diverso impreso","[]","[{""name"":""Inicio"",""url"":""/""},{""name"":""Publicitario Oficina"",""url"":""/categorias/publicidad-oficina""},{""name"":""Publicidad y Material de Oficina Personalizado"",""url"":""/categorias/publicidad-oficina""}]","Ver Productos","https://www.reprodisseny.com#productos","Impresión para publicidad y oficina | Flyers y papelería","Impresión para publicidad y oficina: flyers, folletos, displays, stoppers. Papelería corporativa: tarjetas, sobres, carpetas, agendas. Solicita presupuesto.","https://reprodisseny.com/categorias/publicidad-oficina","[{""lang"":""es-ES"",""url"":""https://reprodisseny.com/categorias/publicidad-oficina""}]","[""publicidad impresa barcelona"",""material oficina personalizado"",""papelería corporativa"",""impresión flyers cataluña""]","[""imprenta publicidad barcelona"",""material oficina empresas""]","{""@type"":""CollectionPage"",""name"":""Publicidad y Material de Oficina Personalizado | Repro Disseny"",""description"":""Soluciones integrales de impresión para publicidad y oficina..."",""image"":""https://reprodisseny.com/img/categorias/libros-revistas-catalogos/Catalogos-revistas.png"",""url"":""https://reprodisseny.com/categorias/publicitario-oficina/mockup.webp"",""brand"":{""@type"":""Organization"",""name"":""Repro Disseny""}}",,"INHERIT","/categorias/publicidad-oficina"
"Impresión para oficina: papelería corporativa y material interno","material-oficina","Material Oficina","Verdadero","La imagen de marca también se construye en el día a día: lo que entregas, lo que envías y la documentación que usa tu equipo. En Repro Disseny imprimimos papelería corporativa (tarjetas, sobres, papel de carta, carpetas, certificados…), material de organización (blocs, libretas, agendas, calendarios, talonarios autocopiativos, sellos…) y piezas de imagen/señalización para reforzar presencia (pizarras, placa de dirección, letras corpóreas).","Cómo trabajamos
1.	Nos indicas qué necesitas (producto, cantidades, medidas, uso y fecha).
2.	Revisamos el diseño para asegurar legibilidad, márgenes y preparación correcta de imprenta.
3.	Te recomendamos soporte y acabado según objetivo (durabilidad, manipulación diaria, envío o recepción).
4.	Imprimimos y entregamos listo para usar, con control de calidad y consistencia de color.

Si nos indicas qué pieza necesitas, cantidades, cómo se va a usar (oficina, envío o recepción) y fecha, te recomendamos la combinación más eficiente de formato, soporte y acabado para que el material funcione y se vea profesional. Solicita tu presupuesto sin compromiso.
","Conoce las características de los productos de oficina
La impresión de oficina tiene un objetivo claro: orden, coherencia de marca y funcionalidad. Por eso, lo más importante suele ser la combinación de tipo de producto + formato/soporte + acabado, según si la pieza se va a enviar, manipular a diario, archivar o mostrar en la recepción.","Oficina y marca corporativa
Tarjetas de visita, papel de carta, sobres, carpetas, archivadores y certificados: piezas que transmiten seriedad y coherencia. Aquí el papel y el acabado influyen mucho en la calidad percibida.
Organización y uso diario
Blocs, libretas, agendas, calendarios, talonarios autocopiativos y sellos: prioridad a la practicidad, resistencia al uso continuado y claridad de lectura.
Imagen y señalización
Pizarras, placa de dirección y letras corpóreas: orientados a visibilidad y presencia; la elección del soporte es clave para un resultado estable y profesional.
","•	Medidas estándar o a medida: formatos habituales y tamaños especiales según el uso (oficina, recepción, documentación).
•	Papeles según objetivo: opciones más sobrias y corporativas para oficina, cuidando legibilidad y presencia.
•	Materiales especiales: soportes más rígidos/estructurales para piezas de imagen como letras corpóreas o placas.
##Acabados
•	Laminado mate o brillo: protege y mejora presencia; muy útil en piezas que pasan por muchas manos (tarjetas, carpetas, materiales de mostrador).
•	Barniz selectivo y acabados premium: para resaltar logo o detalles y elevar la percepción de calidad.
•	Troquelado / hendidos: cuando aplica (p. ej., carpetas de presentación o piezas con forma), para un acabado limpio y funcional.
•	Numeración y datos variables: especialmente útil en talonarios autocopiativos y certificados que requieren control, identificación o personalización.
","•	Imagen corporativa sólida: papelería alineada (tarjetas, sobres, carpetas, certificados) para dar consistencia a tu marca.
•	Gestión y operativa: talonarios autocopiativos, sellos, archivadores, calendarios y material interno.
•	Señalización y presencia: placa de dirección y letras corpóreas para reforzar la visibilidad del negocio.
",,"Preguntas frecuentes
[{""question"":”¿Podéis unificar la imagen de toda la papelería de oficina?”,
“answer”:”Sí. Es lo ideal: tarjetas, sobres, papel de carta, carpetas y certificados con la misma línea visual.”},
{""question"":”¿Se puede hacer numeración o personalización en certificados y talonarios?”
“answer”:”Sí, cuando aplica, podemos incluir numeración y datos variables para control o identificación.”},
{""question"":”¿Qué acabados recomendáis para piezas que se manipulan mucho (tarjetas, carpetas)?”
“answer”:”El laminado mate o brillo ayuda a proteger y a mantener un aspecto profesional durante más tiempo.”},
{""question"":”¿Qué archivos necesitáis para imprimir?”
“answer”:”Preferiblemente PDF en alta calidad con medidas finales y sangrado. Si hay troquel o formato especial, validamos plantilla y márgenes antes de producir. }]
","https://webcms.blob.core.windows.net/media/category/oficina.webp","2.400","1.200","Material de Oficina Personalizado para Empresas","[]","[]","Ver productos","http://localhost:3000/categorias/publicitario-oficina","Impresión para oficina | Papelería corporativa y material interno","Papelería corporativa y material de oficina: tarjetas, sobres, carpetas, papel de carta, blocs, talonarios autocopiativos, agendas y certificados. Pide presupuesto.",,"[]","[]","[]","{}",,"INHERIT","/categorias/publicidad-oficina/material-oficina"
"Impresión para publicidad: material promocional y punto de venta","material-publicitario","Material Publicitario","Verdadero","La publicidad impresa funciona cuando comunica rápido y se entiende al primer vistazo. En Repro Disseny imprimimos material promocional (flyers, folletos, posters, invitaciones, postales…) y material para punto de venta (displays, stoppers, banderolas y elementos de lineal) con acabados profesionales, buena reproducción de color y opciones pensadas para campañas, ferias y retail.","1.	Nos indicas qué necesitas (producto, cantidades, medidas, uso y fecha).
2.	Revisamos el diseño para asegurar legibilidad, márgenes y preparación correcta.
3.	Te recomendamos soporte y acabado según objetivo (impacto, durabilidad, manipulación, punto de venta o envío).
4.	Imprimimos y entregamos listo para usar, con control de calidad y consistencia de color.

Si nos indicas qué pieza necesitas, cantidades, cómo se va a usar (reparto, envío o tienda) y la fecha, te recomendamos la combinación más eficiente de formato, soporte y acabado. Solicita tu presupuesto sin compromiso.
","Conoce las características de los productos de publicidad
La impresión publicitaria tiene un objetivo claro: captar atención y provocar acción (entrar, comprar, llamar, visitar una web, ir a un evento…). Por eso, las decisiones clave suelen ser tipo de producto + formato + soporte + acabado, según si la pieza se va a repartir, enviar por correo o exponer en tienda.
","Publicidad para captar y promocionar (flyers, folletos plegados, posters, postales, invitaciones)
Piezas pensadas para impacto inmediato. Aquí mandan la legibilidad, el orden de la información y una reproducción de color consistente para que tu marca se reconozca rápido.
Punto de venta y retail (displays de mesa, stoppers, banderolas lineal, tiras lineal)
Materiales que compiten en el “momento de decisión”. Requieren soportes con estabilidad, buena lectura a distancia y acabados que aguanten roce y manipulación.
Acciones especiales y fidelización (tarjetas rasca, tarjetas de PVC, imanes, puntos de libro)
Productos que buscan diferenciarse y durar. Se valoran materiales más resistentes y opciones de personalización cuando aplica.
Packaging y etiquetado (etiquetas colgantes)
Deben ser funcionales (colgar bien, no romperse) y coherentes con el producto y la imagen de marca.
","•	Medidas estándar o a medida: desde formatos habituales (A6/A5/A4) hasta tamaños especiales según el canal (reparto, mostrador, mailing).
•	Formas personalizadas: flyers con forma y piezas troqueladas para campañas con más impacto.
•	Soportes para mostrador y lineal: materiales pensados para mantenerse visibles y estables (displays y retail).
•	Materiales especiales: PVC para tarjetas duraderas (fidelización/acceso) cuando necesitas resistencia.
",,"•	Laminado mate o brillo: protege y mejora presencia; muy útil en piezas que pasan por muchas manos (tarjetas, displays, mostrador).
•	Barniz selectivo y acabados premium: para resaltar logo o detalles y dirigir la atención donde interesa.
•	Troquelado: clave en flyers con forma y elementos de punto de venta para una silueta exacta.
•	Hendidos y plegados: imprescindibles en folletos plegados para un cierre limpio y una lectura cómoda.
•	Numeración / datos variables (si aplica): útil en acciones promocionales, control o identificación.
##Usos habituales
•	Captación y campañas: reparto de flyers, envíos con postales e invitaciones, posters en local o escaparate.
•	Impulso en tienda: stoppers, banderolas y tiras de lineal, displays para vender más en el punto de decisión.
•	Acciones de marca: puntos de libro, imanes, tarjetas PVC o rasca para fidelización y recuerdo.
","Preguntas frecuentes
[{""question"":”¿Podéis hacer flyers y folletos en tiradas pequeñas o por campañas?”,
“answer”:”Sí. Adaptamos la producción a campañas puntuales, temporadas o promociones recurrentes.},
{""question"":”¿Qué recomendáis para piezas de punto de venta (stoppers, displays, lineal)?”,
“answer”:”Depende del entorno y la duración. Te aconsejamos el soporte y el acabado para que aguanten manipulación y se vean bien desde la distancia.},
{""question"":”¿Las tarjetas de PVC y las tarjetas rasca se pueden personalizar?”,
“answer”:”Sí. Podemos producirlas con personalización según el diseño (y opciones como numeración cuando aplique).},
{""question"":”¿Qué archivos necesitáis para imprimir?”,
“answer”:”Preferiblemente PDF en alta calidad con medidas finales y sangrado. Si hay troquel o formato especial, validamos plantilla y márgenes antes de producir.}]
","https://webcms.blob.core.windows.net/media/category/publicidad.webp","2.400","1.200","Alt imatege","[]","[]","Ver productos","http://localhost:3000/categorias/publicitario-oficina","Impresión para publicidad | Flyers, folletos y PLV","Impresión para publicidad: flyers, folletos, posters, invitaciones, displays, stoppers y lineal. Acabados profesionales para campañas y retail. Solicita presupuesto.",,"[]","[]","[]","{}",,"INHERIT","/categorias/publicidad-oficina/material-publicitario"
"Impresión en Materiales Flexibles - Gran Formato","material-flexible","Material Flexible","Verdadero","Imprimimos en gran formato flexible para exterior e interior: vinilos, lonas, cartelería, retroiluminados, textil y soluciones especiales como imanes. Te asesoramos para elegir el material ideal según la superficie, la duración y las condiciones (sol, humedad, roce o tránsito), para que la gráfica se vea impecable y sea fácil de instalar.","1.	Nos dices dónde irá (pared, cristal, suelo, vehículo, exterior…) y la medida.
2.	Revisamos el archivo y definimos material/adhesivo según superficie y duración.
3.	Imprimimos y aplicamos acabados (laminado, corte, refuerzos).
4.	Entregamos listo para instalar (y si aplica, coordinamos logística).

¿Dudas entre vinilo, lona, textil o retroiluminado? Cuéntanos superficie, ubicación (interior/exterior), medida y duración y te recomendamos el material más adecuado.
","Conoce las características del gran formato flexible
El gran formato no es solo “imprimir grande”: es elegir bien material + adhesivo (si aplica) + acabado para que la gráfica tenga impacto visual, durabilidad y facilidad de instalación según ubicación (interior/exterior), superficie (cristal, pared, suelo, vehículo…) y tiempo de uso.
","Vinilos adhesivos
Soluciones versátiles para pared y superficies planas, cristal, suelo, vehículo y aplicaciones especiales (vinilo de corte o vinilo de pizarra). La clave está en escoger el vinilo correcto según superficie, exposición y el efecto que buscas (rotulación, campaña temporal, señalización, decoración…).
Lonas y banderolas
Pensadas para visibilidad a distancia y comunicación en gran tamaño. Aquí manda la resistencia del material y el sistema de fijación (ojales, vaina, refuerzos).
Papel de pared y decoración
Ideal para interiores comerciales, oficinas y espacios de marca: gran impacto estético con un acabado muy cuidado para interior.
Textil / tela poliéster
Ligero, transportable y con muy buen resultado visual. Perfecto si necesitas montar/desmontar o llevar la gráfica a ferias y eventos.
Retroiluminados (backlight)
Gráficas para cajas de luz y soportes iluminados desde detrás. Es clave una reproducción uniforme para que la iluminación se vea homogénea.
Cartelería
Posters y carteles de gran tamaño para captar atención y comunicar con máxima legibilidad.
Imanes
Opción práctica para superficies metálicas y comunicación temporal (poner y quitar sin adhesivo).
","•	Medidas estándar o a medida: desde formatos habituales hasta piezas totalmente personalizadas. Si el tamaño lo requiere, se puede plantear en varias piezas (montaje por módulos) para facilitar transporte e instalación.
•	Interior / exterior: el entorno marca el material y la tinta adecuada, especialmente en exteriores con sol, lluvia y cambios de temperatura.
•	Superficie de aplicación: no es lo mismo pegar en una pared lisa que en cristal, suelo o un vehículo. Por eso, en vinilos es esencial seleccionar el tipo de vinilo/adhesivo correcto para que se instale bien y dure lo previsto.
","•	Escaparates y retail: vinilos de cristal, campañas promocionales, rotulación temporal.
•	Señalética: indicaciones, normas, zonas, direccionales.
•	Ferias y eventos: fondos, cartelería grande, materiales ligeros para transporte.
•	Fachadas: banderolas y lonas para máxima visibilidad.
•	Decoración corporativa: papel de pared, vinilos de pared y gráficos de marca.
•	Vehículos: rotulación parcial o completa.
","•	Laminado mate o brillo: mejora presencia y añade protección, especialmente recomendable en vinilos y cartelería (roce, manipulación o exposición).
•	Acabados específicos para suelo: cuando hay tránsito, se usa vinilo para suelo con el acabado adecuado para resistencia.
•	Refuerzos para lona: dobladillo, ojales, vaina o refuerzo perimetral según instalación (fachada, tensado, puntos de anclaje).
•	Corte a medida / troquelado: contornos especiales para adaptar la gráfica al soporte o crear piezas con forma.
","Preguntas frecuentes
[{""question"":”¿Qué vinilo es mejor para escaparate?”,
“answer”:”Normalmente vinilo para cristal (según si lo quieres opaco, transparente o de corte). Te aconsejamos según el efecto y la duración.},
{""question"":”¿Y para suelo?”,
“answer”:”Vinilo específico para suelo con el acabado adecuado para tránsito y resistencia.},
{""question"":”¿Los retroiluminados sirven para cajas de luz?”,
“answer”:”Sí, se usan materiales “backlit” pensados para iluminación desde detrás.},
{""question"":”¿Qué archivos necesitáis para imprimir gran formato flexible?”,
“answer”:”PDF en alta calidad con medidas finales. Si hay corte/forma especial, necesitamos el contorno vectorial.}]
","https://webcms.blob.core.windows.net/media/category/gran-formato-flexible.webp","2.400","1.200","Imatge subcategoria material flexible","[]","[""breadcrumbs:\n  - name: Inicio\n    url: /\n  - name: Material Flexible\n    url: /categorias/Gran Formato/material-flexible\n  - name: Impresión en Materiales Flexibles - Gran Formato\n    url: /categorias/Gran Formato/material-flexible""]","Ver Productos",,"Impresión en Materiales Flexibles | Lonas y Vinilos premium","Impresión gran formato flexible en Barcelona: vinilos (pared, cristal, suelo y vehículo), lonas, textil, papel de pared, retroiluminados e imanes. Presupuesto rápido.","https://reprodisseny.com/categorias/gran-formato/material-flexible","[]","[]","[]","{}",,"INHERIT","/categorias/gran-formato/material-flexible"
"Impresión en Materiales Rígidos - Gran Formato","material-rigido","Materiales Rígidos","Verdadero","Imprimimos en gran formato rígido para exterior e interior: soportes como foam/panel ligero, Forex, Dibond, nido de abeja, Dispa, cartones, metacrilato, madera y opciones enmarcadas. Te asesoramos para elegir el material ideal según la ubicación (interior/exterior), la durabilidad y las condiciones del entorno (roce, humedad o manipulación).","1. Nos dices dónde irá (interior/exterior), medida y objetivo (señalética, display, evento…).
2. Revisamos el archivo y definimos el soporte rígido más adecuado.
3. Imprimimos y aplicamos acabados (laminado, corte, opciones de montaje).
4. Entregamos listo para instalar (y si aplica, coordinamos logística).
¿Dudas entre Forex, Dibond, metacrilato o un panel ligero? Cuéntanos ubicación (interior/exterior), medida, duración y cómo se instalará, y te recomendamos el soporte rígido más adecuado.
","Conoce las características del gran formato rígido
El gran formato rígido no es solo “imprimir grande”: es elegir bien material + acabado para que la gráfica tenga impacto visual, cuerpo y estabilidad. Los soportes rígidos se recomiendan cuando necesitas una pieza firme y con presencia, por ejemplo en señalética, displays o puntos de información.
","Soportes rígidos para señalética y displays
Cuando buscas carteles más “permanentes” o que el soporte se mantenga firme, los rígidos son la opción más sólida.
Opciones según necesidad (orientativo)
• Ligero y muy práctico para interior: foam/panel ligero, Forex, Dispa.
• Más robusto para usos exigentes: Dibond y metacrilato suelen ser opciones especialmente resistentes.
• Soluciones versátiles en cartón: cartón compacto y corrugado para comunicación temporal, promociones o campañas.
• Acabado con personalidad: madera para decoración corporativa y señalética con estética natural.
• Ultraligero para grandes tamaños: nido de abeja y paneles ligeros cuando importa el peso y la facilidad de montaje.
","• Medidas estándar o a medida: desde formatos habituales hasta piezas completamente personalizadas.
• Una pieza o varias: si el tamaño lo requiere, se puede producir en varias piezas (montaje por módulos) para facilitar transporte e instalación.
• Interior / exterior: el entorno marca el material y la durabilidad necesaria (sol, lluvia, cambios de temperatura).
##Acabados
• Laminado mate o brillo: mejora la presencia y añade protección extra (recomendable cuando hay manipulación o roce).
• Corte a medida / troquelado: contornos especiales para adaptar la pieza al soporte o crear formatos con forma.
• Opciones de montaje (según producto): soluciones para dejar la pieza lista para instalar, como enmarcados u otras opciones según necesidad.
","• Escaparates y punto de venta: comunicación estable, displays y cartelería de alto impacto.
• Señalética: indicaciones, normas, zonas, precios, direccionales.
• Ferias y eventos: piezas con equilibrio entre rigidez/ligereza para transporte y montaje.
• Cartelería inmobiliaria: carteles grandes pensados para máxima legibilidad.
",,"Preguntas frecuentes
[{""question"":”¿Qué soporte rígido es más resistente?”,
“answer”:”Depende del uso: Dibond y metacrilato suelen ser opciones muy robustas; Forex y panel ligero funcionan muy bien para interior.},
¿Puedo hacerlo a medida?”,
“answer”:”Sí, producimos medidas estándar o totalmente personalizadas, incluso en varias piezas si el tamaño lo requiere.},
¿Qué archivos necesitáis para imprimir gran formato rígido?”,
“answer”:”PDF en alta calidad con medidas finales. Si hay corte/forma especial, necesitamos el contorno vectorial.}]
","https://webcms.blob.core.windows.net/media/category/gran-formato.webp","2.400","1.200","Material rígido para impresión en gran formato","[]","[]","Ver productos",,"Gran formato rígido | Forex, Dibond, metacrilato y más","Impresión gran formato rígido en Barcelona: foam/panel ligero, Forex, Dibond, cartón, metacrilato y madera. Para señalética, displays y ferias. Pide presupuesto.",,"[]","[]","[]","{}",,"INHERIT","/categorias/gran-formato/material-rigido"
